username,email,password
t001,t001@user.com,4gA@K8sP!2nJ
t002,t002@user.com,fR7!zVqE$9wB
t003,t003@user.com,pL#6mXjC*3gH
t004,t004@user.com,9sY!bNqA$1vK
t005,t005@user.com,kZ@8wE7rT%5u
t006,t006@user.com,vD#3jP6mS!9a
t007,t007@user.com,bN*1hG4sK$2p
t008,t008@user.com,rT%5uJ8wZ!3f
t009,t009@user.com,qE$9wB1vL#7c
t010,t010@user.com,jP6mS!9aC*4x
t011,t011@user.com,hG4sK$2pD@8y
t012,t012@user.com,uJ8wZ!3fE%6t
t013,t013@user.com,wB1vL#7cG*1z
t014,t014@user.com,mS!9aC*4xH$5r
t015,t015@user.com,sK$2pD@8yJ%2k
t016,t016@user.com,wZ!3fE%6tK#8m
t017,t017@user.com,vL#7cG*1zN$4q
t018,t018@user.com,aC*4xH$5rP@9w
t019,t019@user.com,pD@8yJ%2kQ!5s
t020,t020@user.com,fE%6tK#8mR*2v
t021,t021@user.com,cG*1zN$4qS@7x
t022,t022@user.com,xH$5rP@9wT!3z
t023,t023@user.com,yJ%2kQ!5sV#6b
t024,t024@user.com,tK#8mR*2vW$1n
t025,t025@user.com,zN$4qS@7xY%4d
t026,t026@user.com,rP@9wT!3zF*8h
t027,t027@user.com,kQ!5sV#6bG@2j
t028,t028@user.com,mR*2vW$1nH!7k
t029,t029@user.com,qS@7xY%4dL#3m
t030,t030@user.com,wT!3zF*8hP$5q
t031,t031@user.com,sV#6bG@2jR%9s
t032,t032@user.com,vW$1nH!7kT*4v
t033,t033@user.com,xY%4dL#3mU@1x
t034,t034@user.com,zF*8hP$5qV!6z
t035,t035@user.com,bG@2jR%9sW#9b
t036,t036@user.com,nH!7kT*4vX$2d
t037,t037@user.com,dL#3mU@1xZ%7f
t038,t038@user.com,hP$5qV!6zA*3h
t039,t039@user.com,jR%9sW#9bC@8j
t040,t040@user.com,kT*4vX$2dE!4l
t041,t041@user.com,mU@1xZ%7fG#1n
t042,t042@user.com,qV!6zA*3hJ$6p
t043,t043@user.com,sW#9bC@8jL%9r
t044,t044@user.com,vX$2dE!4lN*2t
t045,t045@user.com,xZ%7fG#1nP@7v
t046,t046@user.com,zA*3hJ$6pR!3x
t047,t047@user.com,bC@8jL%9rS#8z
t048,t048@user.com,dE!4lN*2tV$1b
t049,t049@user.com,fG#1nP@7vX%6d
t050,t050@user.com,hJ$6pR!3xF*2f
t051,t051@user.com,jL%9rS#8zH@7h
t052,t052@user.com,lN*2tV$1bK!3j
t053,t053@user.com,nP@7vX%6dM#8l
t054,t054@user.com,pR!3xF*2fP$4n
t055,t055@user.com,rS#8zH@7hR%9p
t056,t056@user.com,tV$1bK!3jT*5r
t057,t057@user.com,vX%6dM#8lV@1t
t058,t058@user.com,xF*2fP$4nW!6v
t059,t059@user.com,zH@7hR%9pY#9x
t060,t060@user.com,bK!3jT*5rZ$2z
t061,t061@user.com,dM#8lV@1tB%7b
t062,t062@user.com,fP$4nW!6vD*3d
t063,t063@user.com,hR%9pY#9xF@8f
t064,t064@user.com,jT*5rZ$2zH!4h
t065,t065@user.com,lV@1tB%7bK#9j
t066,t066@user.com,nW!6vD*3dL$5l
t067,t067@user.com,pY#9xF@8fN%1n
t068,t068@user.com,rZ$2zH!4hP*6p
t069,t069@user.com,tB%7bK#9jR@2r
t070,t070@user.com,vD*3dL$5lT!7t
t071,t071@user.com,xF@8fN%1nV#3v
t072,t072@user.com,zH!4hP*6pX$8x
t073,t073@user.com,bK#9jR@2rZ%4z
t074,t074@user.com,dL$5lT!7tB*9b
t075,t075@user.com,fN%1nV#3vD@5d
t076,t076@user.com,hP*6pX$8xF!1f
t077,t077@user.com,jR@2rZ%4zH#6h
t078,t078@user.com,lT!7tB*9bJ$2j
t079,t079@user.com,nV#3vD@5dL%7l
t080,t080@user.com,pX$8xF!1fN*3n
t081,t081@user.com,rZ%4zH#6hP@8p
t082,t082@user.com,tB*9bJ$2jR!4r
t083,t083@user.com,vD@5dL%7lT#9t
t084,t084@user.com,xF!1fN*3nV$5v
t085,t085@user.com,zH#6hP@8pX%1x
t086,t086@user.com,bJ$2jR!4rZ*6z
t087,t087@user.com,dL%7lT#9tB@2b
t088,t088@user.com,fN*3nV$5vD!7d
t089,t089@user.com,hP@8pX%1xF#3f
t090,t090@user.com,jR!4rZ*6zH$8h
t091,t091@user.com,lT#9tB@2bJ%4j
t092,t092@user.com,nV$5vD!7dK*9l
t093,t093@user.com,pX%1xF#3fM@5n
t094,t094@user.com,rZ*6zH$8hP!1p
t095,t095@user.com,tB@2bJ%4jR#6r
t096,t096@user.com,vD!7dK*9lT$2t
t097,t097@user.com,xF#3fM@5nV%7v
t098,t098@user.com,zH$8hP!1pX*3x
t099,t099@user.com,bJ%4jR#6rZ@8z
t100,t100@user.com,dK*9lT$2tB!4b
